Name, 1, 2, 3, 4, 5, 6, 7
kalman_filter,kalman1_filter, kalman2_filter
klaman-cpp,update, update, state
tracking-with-Extended-Kalman-Filter,Predict, Update, UpdateEKF
ikalman,alloc_filter, free_filter, update, predict, estimate
Scalar_kalman_filter,scalar_kalman
ekf-angles,processMeasurement
gps_kalman, kalman2_filter, kalman2_set_param
uKal,ukal_filter_create, ukal_set_fx, ukal_set_hx, ukal_model_predict, ukal_update
eekf,eekf_predict, eekf_correct
KalmanFilter, kalman1_filter, kalman2_filter
Kalman-Filter, kalman_get_angle, setAngle
MPU6050_KalmanFilter,GetAndWashData, KalmanCalculation, TestKalman
ars_kalman_filter,kalman_update, kalman
KFCore,kalman_takasu, kalman_predict, kalman_udu, kalman_udu_scalar, kalman_udu_predict
kalman-clib,kalman_predict_x, kalman_predict_Q, kalman_predict_Q_tuned, kalman_predict, kalman_correct
SimpleKalmanFilter_binaries,SimpleKalmanFilter, updateEstimate, setMeasurementError, setEstimateError, setProcessNoise, getKalmanGain, getEstimateError
kalman-filter,predict, update
kalman_cpp,Kalmanf, GetCurrentState
simdkalman,predict, update, em_process_noise, em_observation_noise
3DKalmanFilter,KalmanFilter3D, predict, update, getState
Extended-Kalman-Filter,Predict, Update, UpdateEKF
kalman,predict, update
Kalman-Filter-using-Boost-CPP,Kalman, getCurrentEstimate, Step, printObject, multiply, inverse
KFilter,predict, update
ukfLib,ukf_step, _ukf_predict_sigma, _ukf_update_state
Unscented-Kalman-Filter,UKF, ProcessMeasurement, Prediction, UpdateLidar, UpdateRadar
yafl,yafl_ekf_bierman_update, yafl_ekf_joseph_update, YAFL_EKF_BIERMAN_PREDICT, YAFL_EKF_JOSEPH_PREDICT
embedded-kf,imu_kf_predict, imu_kf_update
TinyEKF,ekf_step
libfixkalman,kalman_predict, kalman_predict_tuned, kalman_correct